<?xml version="1.0" encoding="UTF-8"?>
<model package="ajaxcomments" baseClass="xPDOObject" platform="mysql" defaultEngine="InnoDB" phpdoc-package="ajaxcomments" version="1.1">

    <object class="acBranch" table="ac_branches" extends="xPDOSimpleObject">
        <field key="branch_key" dbtype="varchar" precision="150" phptype="string" null="false" default="" />
        <field key="target_id" dbtype="int" precision="11" phptype="integer" null="false" default="0" />
        <field key="title" dbtype="varchar" precision="255" phptype="string" null="false" default="" />
        <field key="active" dbtype="int" precision="1" phptype="integer" null="false" default="0" />
        <field key="extended" dbtype="text" phptype="json" null="true" />
        <field key="rating" dbtype="decimal" precision="12,2" phptype="float" null="false" default="0" />
        <field key="rating_wilson" dbtype="decimal" precision="12,2" phptype="float" null="false" default="0" />


        <index alias="branch_key" name="branch_key" primary="false" unique="true" type="BTREE">
            <column key="branch_key" length="" collation="A" null="false" />
        </index>
        <index alias="target_id" name="target_id" primary="false" unique="false" type="BTREE">
            <column key="target_id" length="" collation="A" null="false" />
        </index>
    </object>

    <object class="acMessage" table="ac_messages" extends="xPDOSimpleObject">
        <field key="branch" dbtype="int" precision="11" phptype="integer" attributes="unsigned" null="false" default="0" />
        <field key="author_name" dbtype="varchar" precision="255" phptype="string" null="false" default="" />
        <field key="author_email" dbtype="varchar" precision="255" phptype="string" null="false" default="" />

        <field key="subject" dbtype="varchar" precision="255" phptype="string" null="false" default="" />
        <field key="text" dbtype="text" phptype="string" null="false" default="" />
        <field key="rating" dbtype="tinyint" precision="1" phptype="integer" null="false" default="0" />
        <field key="files" dbtype="text" phptype="json" null="true" />

        <field key="created" dbtype="datetime" phptype="datetime" null="true" />

        <field key="extended" dbtype="text" phptype="json" null="true" />
        <field key="active" dbtype="int" precision="1" phptype="integer" null="false" default="0" />

        <index alias="branch" name="branch" primary="false" unique="false" type="BTREE">
            <column key="branch" length="" collation="A" null="false" />
        </index>

        <aggregate alias="Branch" class="acBranch" local="branch" foreign="id" cardinality="one" owner="foreign" />
    </object>

</model>